Event,Duration,Start Time,End Time,Start Epoch,End Epoch
Analysis Start,0,2021-11-02 01:09:44.945497,2021-11-02 01:09:44.945497,1,1
Movement,22.898999999999997,2021-11-02 01:09:51.805216,2021-11-02 01:10:14.709960,1,2
Wake,30,2021-11-02 01:10:14.461901,2021-11-02 01:10:44.469426,2,3
Wake,30,2021-11-02 01:10:44.469426,2021-11-02 01:11:14.476952,3,4
Wake,30,2021-11-02 01:11:14.476952,2021-11-02 01:11:44.484477,4,5
Wake,30,2021-11-02 01:11:44.484477,2021-11-02 01:12:14.492003,5,6
Movement,101.64399999999999,2021-11-02 01:12:11.382222,2021-11-02 01:13:53.051718,5,9
Wake,30,2021-11-02 01:12:14.492003,2021-11-02 01:12:44.499528,6,7
Wake,30,2021-11-02 01:12:44.499528,2021-11-02 01:13:14.507054,7,8
LM,2.7239999999999998,2021-11-02 01:13:08.283492,2021-11-02 01:13:11.008176,7,7
Wake,30,2021-11-02 01:13:14.507054,2021-11-02 01:13:44.514580,8,9
LM,0.99,2021-11-02 01:13:35.423297,2021-11-02 01:13:36.413548,8,8
LM,7.135,2021-11-02 01:13:35.873410,2021-11-02 01:13:43.010200,8,8
Wake,30,2021-11-02 01:13:44.514580,2021-11-02 01:14:14.522105,9,10
LM,7.71,2021-11-02 01:13:50.601104,2021-11-02 01:13:58.313038,9,9
Desat,28.333,2021-11-02 01:14:12.719651,2021-11-02 01:14:41.059759,9,10
Wake,30,2021-11-02 01:14:14.522105,2021-11-02 01:14:44.529631,10,11
Movement,136.692,2021-11-02 01:14:26.558122,2021-11-02 01:16:43.284413,10,14
LM,0.74,2021-11-02 01:14:27.468351,2021-11-02 01:14:28.208536,10,10
Wake,30,2021-11-02 01:14:44.529631,2021-11-02 01:15:14.537156,11,12
LM,0.824,2021-11-02 01:14:50.003001,2021-11-02 01:14:50.827208,11,11
LM,3.4949999999999997,2021-11-02 01:14:58.869224,2021-11-02 01:15:02.365102,11,11
Artifact,13.333,2021-11-02 01:14:59.063274,2021-11-02 01:15:12.399620,11,11
Artifact,13.333,2021-11-02 01:14:59.063274,2021-11-02 01:15:12.399620,11,11
LM,5.265,2021-11-02 01:14:59.229315,2021-11-02 01:15:04.495635,11,11
Wake,30,2021-11-02 01:15:14.537156,2021-11-02 01:15:44.544682,12,13
LM,5.415,2021-11-02 01:15:28.759722,2021-11-02 01:15:34.176079,12,12
LM,3.795,2021-11-02 01:15:29.129816,2021-11-02 01:15:32.925766,12,12
Wake,30,2021-11-02 01:15:44.544682,2021-11-02 01:16:14.552208,13,14
LM,0.61,2021-11-02 01:15:56.985802,2021-11-02 01:15:57.595952,13,13
LM,1.3099999999999998,2021-11-02 01:16:01.230865,2021-11-02 01:16:02.541194,13,13
LM,2.685,2021-11-02 01:16:05.581956,2021-11-02 01:16:08.267630,13,13
Artifact,3.667,2021-11-02 01:16:08.412665,2021-11-02 01:16:12.080587,13,13
Artifact,3.667,2021-11-02 01:16:08.412665,2021-11-02 01:16:12.080587,13,13
Wake,30,2021-11-02 01:16:14.552208,2021-11-02 01:16:44.559733,14,15
LM,0.495,2021-11-02 01:16:17.348907,2021-11-02 01:16:17.844032,14,14
LM,0.7899999999999999,2021-11-02 01:16:18.984318,2021-11-02 01:16:19.774515,14,14
LM,7.734,2021-11-02 01:16:29.166870,2021-11-02 01:16:36.902811,14,14
LM,2.669,2021-11-02 01:16:29.221886,2021-11-02 01:16:31.891554,14,14
LM,0.98,2021-11-02 01:16:32.666748,2021-11-02 01:16:33.646996,14,14
LM,8.58,2021-11-02 01:16:34.467199,2021-11-02 01:16:43.049354,14,14
LM,3.36,2021-11-02 01:16:39.503463,2021-11-02 01:16:42.864307,14,14
LM,1.91,2021-11-02 01:16:43.874561,2021-11-02 01:16:45.785040,14,15
LM,1.14,2021-11-02 01:16:43.999592,2021-11-02 01:16:45.139877,14,15
Wake,30,2021-11-02 01:16:44.559733,2021-11-02 01:17:14.567259,15,16
Wake,30,2021-11-02 01:17:14.567259,2021-11-02 01:17:44.574784,16,17
Desat,49.998999999999995,2021-11-02 01:17:21.096895,2021-11-02 01:18:11.108438,16,17
Wake,30,2021-11-02 01:17:44.574784,2021-11-02 01:18:14.582310,17,18
Wake,30,2021-11-02 01:18:14.582310,2021-11-02 01:18:44.589835,18,19
Wake,30,2021-11-02 01:18:44.589835,2021-11-02 01:19:14.597361,19,20
Wake,30,2021-11-02 01:19:14.597361,2021-11-02 01:19:44.604887,20,21
N1,30,2021-11-02 01:19:44.604887,2021-11-02 01:20:14.612412,21,22
N1,30,2021-11-02 01:20:14.612412,2021-11-02 01:20:44.619938,22,23
Hypopnea,24.169,2021-11-02 01:20:40.337862,2021-11-02 01:21:04.512927,22,23
N2,30,2021-11-02 01:20:44.619938,2021-11-02 01:21:14.627463,23,24
Arousal,12.616,2021-11-02 01:21:08.743986,2021-11-02 01:21:21.363150,23,24
Movement,2.8,2021-11-02 01:21:09.085071,2021-11-02 01:21:11.885773,23,23
N1,30,2021-11-02 01:21:14.627463,2021-11-02 01:21:44.634989,24,25
Hypopnea,33.972,2021-11-02 01:21:29.533201,2021-11-02 01:22:03.513721,24,25
N1,30,2021-11-02 01:21:44.634989,2021-11-02 01:22:14.642514,25,26
Desat,38.666,2021-11-02 01:21:54.160375,2021-11-02 01:22:32.836077,25,26
Arousal,5.965999999999999,2021-11-02 01:22:07.491721,2021-11-02 01:22:13.459217,25,25
N1,30,2021-11-02 01:22:14.642514,2021-11-02 01:22:44.650040,26,27
Hypopnea,46.998999999999995,2021-11-02 01:22:29.149152,2021-11-02 01:23:16.159942,26,28
N2,30,2021-11-02 01:22:44.650040,2021-11-02 01:23:14.657566,27,28
Desat,39.332,2021-11-02 01:23:05.844355,2021-11-02 01:23:45.186220,27,29
N2,30,2021-11-02 01:23:14.657566,2021-11-02 01:23:44.665091,28,29
N2,30,2021-11-02 01:23:44.665091,2021-11-02 01:24:14.672617,29,30
N2,30,2021-11-02 01:24:14.672617,2021-11-02 01:24:44.680142,30,31
N2,30,2021-11-02 01:24:44.680142,2021-11-02 01:25:14.687668,31,32
Hypopnea,12.168999999999999,2021-11-02 01:25:01.023241,2021-11-02 01:25:13.195292,31,31
N1,30,2021-11-02 01:25:14.687668,2021-11-02 01:25:44.695194,32,33
Arousal,10.259,2021-11-02 01:25:16.530129,2021-11-02 01:25:26.791703,32,32
Bradycardia,44,2021-11-02 01:25:32.747196,2021-11-02 01:26:16.758233,32,34
N1,30,2021-11-02 01:25:44.695194,2021-11-02 01:26:14.702719,33,34
LM,3.042,2021-11-02 01:26:12.872258,2021-11-02 01:26:15.915020,33,34
N2,30,2021-11-02 01:26:14.702719,2021-11-02 01:26:44.710245,34,35
N2,30,2021-11-02 01:26:44.710245,2021-11-02 01:27:14.717770,35,36
N2,30,2021-11-02 01:27:14.717770,2021-11-02 01:27:44.725296,36,37
N2,30,2021-11-02 01:27:44.725296,2021-11-02 01:28:14.732821,37,38
N2,30,2021-11-02 01:28:14.732821,2021-11-02 01:28:44.740347,38,39
N2,30,2021-11-02 01:28:44.740347,2021-11-02 01:29:14.747873,39,40
N2,30,2021-11-02 01:29:14.747873,2021-11-02 01:29:44.755398,40,41
N2,30,2021-11-02 01:29:44.755398,2021-11-02 01:30:14.762924,41,42
N2,30,2021-11-02 01:30:14.762924,2021-11-02 01:30:44.770449,42,43
N3,30,2021-11-02 01:30:44.770449,2021-11-02 01:31:14.777975,43,44
N3,30,2021-11-02 01:31:14.777975,2021-11-02 01:31:44.785500,44,45
N3,30,2021-11-02 01:31:44.785500,2021-11-02 01:32:14.793026,45,46
N3,30,2021-11-02 01:32:14.793026,2021-11-02 01:32:44.800552,46,47
N3,30,2021-11-02 01:32:44.800552,2021-11-02 01:33:14.808077,47,48
N3,30,2021-11-02 01:33:14.808077,2021-11-02 01:33:44.815603,48,49
N3,30,2021-11-02 01:33:44.815603,2021-11-02 01:34:14.823128,49,50
N3,30,2021-11-02 01:34:14.823128,2021-11-02 01:34:44.830654,50,51
N3,30,2021-11-02 01:34:44.830654,2021-11-02 01:35:14.838180,51,52
N3,30,2021-11-02 01:35:14.838180,2021-11-02 01:35:44.845705,52,53
N3,30,2021-11-02 01:35:44.845705,2021-11-02 01:36:14.853231,53,54
N3,30,2021-11-02 01:36:14.853231,2021-11-02 01:36:44.860756,54,55
N3,30,2021-11-02 01:36:44.860756,2021-11-02 01:37:14.868282,55,56
N3,30,2021-11-02 01:37:14.868282,2021-11-02 01:37:44.875807,56,57
N3,30,2021-11-02 01:37:44.875807,2021-11-02 01:38:14.883333,57,58
LM,0.5499999999999999,2021-11-02 01:37:58.508225,2021-11-02 01:37:59.058363,57,57
N3,30,2021-11-02 01:38:14.883333,2021-11-02 01:38:44.890859,58,59
N3,30,2021-11-02 01:38:44.890859,2021-11-02 01:39:14.898384,59,60
N3,30,2021-11-02 01:39:14.898384,2021-11-02 01:39:44.905910,60,61
N3,30,2021-11-02 01:39:44.905910,2021-11-02 01:40:14.913435,61,62
N3,30,2021-11-02 01:40:14.913435,2021-11-02 01:40:44.920961,62,63
N3,30,2021-11-02 01:40:44.920961,2021-11-02 01:41:14.928486,63,64
N3,30,2021-11-02 01:41:14.928486,2021-11-02 01:41:44.936012,64,65
N3,30,2021-11-02 01:41:44.936012,2021-11-02 01:42:14.943538,65,66
N3,30,2021-11-02 01:42:14.943538,2021-11-02 01:42:44.951063,66,67
N3,30,2021-11-02 01:42:44.951063,2021-11-02 01:43:14.958589,67,68
N3,30,2021-11-02 01:43:14.958589,2021-11-02 01:43:44.966114,68,69
Movement,19.848,2021-11-02 01:43:30.042370,2021-11-02 01:43:49.895350,68,69
N1,30,2021-11-02 01:43:44.966114,2021-11-02 01:44:14.973640,69,70
LM,3.3739999999999997,2021-11-02 01:43:45.350208,2021-11-02 01:43:48.725055,69,69
LM,4.749,2021-11-02 01:43:45.805324,2021-11-02 01:43:50.555516,69,69
Arousal,8.654,2021-11-02 01:43:46.149409,2021-11-02 01:43:54.805579,69,69
Bradycardia,34,2021-11-02 01:43:56.023886,2021-11-02 01:44:30.032415,69,70
N2,30,2021-11-02 01:44:14.973640,2021-11-02 01:44:44.981166,70,71
N3,30,2021-11-02 01:44:44.981166,2021-11-02 01:45:14.988691,71,72
N3,30,2021-11-02 01:45:14.988691,2021-11-02 01:45:44.996217,72,73
N3,30,2021-11-02 01:45:44.996217,2021-11-02 01:46:15.003742,73,74
N3,30,2021-11-02 01:46:15.003742,2021-11-02 01:46:45.011268,74,75
N3,30,2021-11-02 01:46:45.011268,2021-11-02 01:47:15.018793,75,76
N3,30,2021-11-02 01:47:15.018793,2021-11-02 01:47:45.026319,76,77
N3,30,2021-11-02 01:47:45.026319,2021-11-02 01:48:15.033845,77,78
N3,30,2021-11-02 01:48:15.033845,2021-11-02 01:48:45.041370,78,79
N3,30,2021-11-02 01:48:45.041370,2021-11-02 01:49:15.048896,79,80
N3,30,2021-11-02 01:49:15.048896,2021-11-02 01:49:45.056421,80,81
N3,30,2021-11-02 01:49:45.056421,2021-11-02 01:50:15.063947,81,82
N3,30,2021-11-02 01:50:15.063947,2021-11-02 01:50:45.071472,82,83
Desat,83.331,2021-11-02 01:50:36.229252,2021-11-02 01:51:59.581158,82,85
N3,30,2021-11-02 01:50:45.071472,2021-11-02 01:51:15.078998,83,84
Hypopnea,33.126999999999995,2021-11-02 01:50:54.229768,2021-11-02 01:51:27.365077,83,84
N3,30,2021-11-02 01:51:15.078998,2021-11-02 01:51:45.086524,84,85
Movement,20.049,2021-11-02 01:51:36.535379,2021-11-02 01:51:56.589408,84,85
N1,30,2021-11-02 01:51:45.086524,2021-11-02 01:52:15.094049,85,86
Arousal,8.703999999999999,2021-11-02 01:51:51.088029,2021-11-02 01:51:59.794211,85,85
LM,3.96,2021-11-02 01:51:51.338091,2021-11-02 01:51:55.299082,85,85
LM,4.755,2021-11-02 01:51:51.583151,2021-11-02 01:51:56.339346,85,85
N2,30,2021-11-02 01:52:15.094049,2021-11-02 01:52:45.101575,86,87
N2,30,2021-11-02 01:52:45.101575,2021-11-02 01:53:15.109100,87,88
Hypopnea,40.225,2021-11-02 01:53:05.248626,2021-11-02 01:53:45.483717,87,89
N3,30,2021-11-02 01:53:15.109100,2021-11-02 01:53:45.116626,88,89
N2,30,2021-11-02 01:53:45.116626,2021-11-02 01:54:15.124152,89,90
Arousal,5.188,2021-11-02 01:53:47.044109,2021-11-02 01:53:52.233410,89,89
Movement,5.1,2021-11-02 01:53:47.410200,2021-11-02 01:53:52.511479,89,89
Artifact,4,2021-11-02 01:53:48.940582,2021-11-02 01:53:52.941586,89,89
Artifact,7,2021-11-02 01:53:48.940582,2021-11-02 01:53:55.942338,89,89
Warning,1,2021-11-02 01:53:49.226654,2021-11-02 01:53:50.226905,89,89
A. Obstructive,70.196,2021-11-02 01:53:57.306680,2021-11-02 01:55:07.520290,89,91
N3,30,2021-11-02 01:54:15.124152,2021-11-02 01:54:45.131677,90,91
Desat,68.999,2021-11-02 01:54:22.615030,2021-11-02 01:55:31.631339,90,92
N2,30,2021-11-02 01:54:45.131677,2021-11-02 01:55:15.139203,91,92
Movement,5.8,2021-11-02 01:55:04.074428,2021-11-02 01:55:09.875883,91,91
Arousal,6.675999999999999,2021-11-02 01:55:07.971403,2021-11-02 01:55:14.649077,91,91
N2,30,2021-11-02 01:55:15.139203,2021-11-02 01:55:45.146728,92,93
N3,30,2021-11-02 01:55:45.146728,2021-11-02 01:56:15.154254,93,94
Bradycardia,31.333,2021-11-02 01:55:50.202995,2021-11-02 01:56:21.543856,93,94
Hypopnea,41.07,2021-11-02 01:55:55.657362,2021-11-02 01:56:36.737666,93,94
N3,30,2021-11-02 01:56:15.154254,2021-11-02 01:56:45.161779,94,95
Desat,23.999,2021-11-02 01:56:16.975708,2021-11-02 01:56:40.980729,94,94
N3,30,2021-11-02 01:56:45.161779,2021-11-02 01:57:15.169305,95,96
N3,30,2021-11-02 01:57:15.169305,2021-11-02 01:57:45.176831,96,97
Movement,3.199,2021-11-02 01:57:31.953513,2021-11-02 01:57:35.153316,96,96
LM,2.7039999999999997,2021-11-02 01:57:33.456889,2021-11-02 01:57:36.161567,96,96
Arousal,3.887,2021-11-02 01:57:34.222081,2021-11-02 01:57:38.110056,96,96
LM,0.51,2021-11-02 01:57:35.343363,2021-11-02 01:57:35.853491,96,96
N3,30,2021-11-02 01:57:45.176831,2021-11-02 01:58:15.184356,97,98
N3,30,2021-11-02 01:58:15.184356,2021-11-02 01:58:45.191882,98,99
LM,2.366,2021-11-02 01:58:34.148110,2021-11-02 01:58:36.514706,98,98
N3,30,2021-11-02 01:58:45.191882,2021-11-02 01:59:15.199407,99,100
Snore Train,128.951,2021-11-02 01:58:46.002082,2021-11-02 02:00:54.985430,99,103
N3,30,2021-11-02 01:59:15.199407,2021-11-02 01:59:45.206933,100,101
N3,30,2021-11-02 01:59:45.206933,2021-11-02 02:00:15.214458,101,102
N3,30,2021-11-02 02:00:15.214458,2021-11-02 02:00:45.221984,102,103
LM,3.211,2021-11-02 02:00:24.203710,2021-11-02 02:00:27.415516,102,102
N2,30,2021-11-02 02:00:45.221984,2021-11-02 02:01:15.229510,103,104
Arousal,4.411,2021-11-02 02:00:54.723364,2021-11-02 02:00:59.135471,103,103
Bradycardia,39.667,2021-11-02 02:01:00.613844,2021-11-02 02:01:40.290793,103,104
N3,30,2021-11-02 02:01:15.229510,2021-11-02 02:01:45.237035,104,105
N3,30,2021-11-02 02:01:45.237035,2021-11-02 02:02:15.244561,105,106
LM,1.014,2021-11-02 02:02:09.357084,2021-11-02 02:02:10.371338,105,105
N3,30,2021-11-02 02:02:15.244561,2021-11-02 02:02:45.252086,106,107
Hypopnea,115.798,2021-11-02 02:02:42.967513,2021-11-02 02:04:38.794561,106,110
N3,30,2021-11-02 02:02:45.252086,2021-11-02 02:03:15.259612,107,108
N3,30,2021-11-02 02:03:15.259612,2021-11-02 02:03:45.267138,108,109
Desat,73.66499999999999,2021-11-02 02:03:41.079087,2021-11-02 02:04:54.762565,108,111
N3,30,2021-11-02 02:03:45.267138,2021-11-02 02:04:15.274663,109,110
Snore Train,49.69,2021-11-02 02:03:50.466439,2021-11-02 02:04:40.168906,109,110
N3,30,2021-11-02 02:04:15.274663,2021-11-02 02:04:45.282189,110,111
Movement,8.95,2021-11-02 02:04:39.184658,2021-11-02 02:04:48.136904,110,111
Arousal,7.1259999999999994,2021-11-02 02:04:40.108891,2021-11-02 02:04:47.236678,110,111
N2,30,2021-11-02 02:04:45.282189,2021-11-02 02:05:15.289714,111,112
N3,30,2021-11-02 02:05:15.289714,2021-11-02 02:05:45.297240,112,113
PLMS,1.3199999999999998,2021-11-02 02:05:40.777105,2021-11-02 02:05:42.097437,112,112
PLM,170.182,2021-11-02 02:05:40.777105,2021-11-02 02:08:31.001797,112,118
N3,30,2021-11-02 02:05:45.297240,2021-11-02 02:06:15.304765,113,114
N3,30,2021-11-02 02:06:15.304765,2021-11-02 02:06:45.312291,114,115
N3,30,2021-11-02 02:06:45.312291,2021-11-02 02:07:15.319817,115,116
PLMS,1.03,2021-11-02 02:06:58.546609,2021-11-02 02:06:59.576866,115,115
N3,30,2021-11-02 02:07:15.319817,2021-11-02 02:07:45.327342,116,117
LM,1.521,2021-11-02 02:07:32.762191,2021-11-02 02:07:34.283570,116,116
N3,30,2021-11-02 02:07:45.327342,2021-11-02 02:08:15.334868,117,118
PLMS,3.381,2021-11-02 02:07:59.387867,2021-11-02 02:08:02.769716,117,117
N3,30,2021-11-02 02:08:15.334868,2021-11-02 02:08:45.342393,118,119
PLMS,1.859,2021-11-02 02:08:29.142329,2021-11-02 02:08:31.001797,118,118
N3,30,2021-11-02 02:08:45.342393,2021-11-02 02:09:15.349919,119,120
Desat,80.999,2021-11-02 02:08:48.150096,2021-11-02 02:10:09.169415,119,121
Snore Train,50.704,2021-11-02 02:08:58.149604,2021-11-02 02:09:48.866322,119,121
Hypopnea,40.394,2021-11-02 02:09:08.363166,2021-11-02 02:09:48.767297,119,121
N3,30,2021-11-02 02:09:15.349919,2021-11-02 02:09:45.357444,120,121
N2,30,2021-11-02 02:09:45.357444,2021-11-02 02:10:15.364970,121,122
Movement,3.4,2021-11-02 02:09:50.444718,2021-11-02 02:09:53.845570,121,121
Arousal,6.777,2021-11-02 02:09:52.086131,2021-11-02 02:09:58.864831,121,121
N3,30,2021-11-02 02:10:15.364970,2021-11-02 02:10:45.372496,122,123
N3,30,2021-11-02 02:10:45.372496,2021-11-02 02:11:15.380021,123,124
N3,30,2021-11-02 02:11:15.380021,2021-11-02 02:11:45.387547,124,125
N3,30,2021-11-02 02:11:45.387547,2021-11-02 02:12:15.395072,125,126
N3,30,2021-11-02 02:12:15.395072,2021-11-02 02:12:45.402598,126,127
LM,1.125,2021-11-02 02:12:40.717422,2021-11-02 02:12:41.842704,126,126
N3,30,2021-11-02 02:12:45.402598,2021-11-02 02:13:15.410124,127,128
N3,30,2021-11-02 02:13:15.410124,2021-11-02 02:13:45.417649,128,129
N3,30,2021-11-02 02:13:45.417649,2021-11-02 02:14:15.425175,129,130
Snore Train,119.324,2021-11-02 02:13:52.645461,2021-11-02 02:15:51.999394,129,133
N3,30,2021-11-02 02:14:15.425175,2021-11-02 02:14:45.432700,130,131
N3,30,2021-11-02 02:14:45.432700,2021-11-02 02:15:15.440226,131,132
N3,30,2021-11-02 02:15:15.440226,2021-11-02 02:15:45.447751,132,133
PLMS,3.38,2021-11-02 02:15:17.075633,2021-11-02 02:15:20.456483,132,132
PLM,356.215,2021-11-02 02:15:17.075633,2021-11-02 02:21:13.379993,132,143
PLMS,2.3449999999999998,2021-11-02 02:15:37.120663,2021-11-02 02:15:39.466249,132,132
N3,30,2021-11-02 02:15:45.447751,2021-11-02 02:16:15.455277,133,134
PLMS,1.635,2021-11-02 02:16:02.791101,2021-11-02 02:16:04.426508,133,133
N3,30,2021-11-02 02:16:15.455277,2021-11-02 02:16:45.462803,134,135
PLMS,1.694,2021-11-02 02:16:24.055431,2021-11-02 02:16:25.749858,134,134
N3,30,2021-11-02 02:16:45.462803,2021-11-02 02:17:15.470328,135,136
Desat,108.33099999999999,2021-11-02 02:17:14.269024,2021-11-02 02:19:02.627201,135,139
N3,30,2021-11-02 02:17:15.470328,2021-11-02 02:17:45.477854,136,137
Snore Train,196.05599999999998,2021-11-02 02:17:22.952203,2021-11-02 02:20:39.057383,136,142
PLMS,1.5699999999999998,2021-11-02 02:17:25.851931,2021-11-02 02:17:27.422323,136,136
N3,30,2021-11-02 02:17:45.477854,2021-11-02 02:18:15.485379,137,138
N3,30,2021-11-02 02:18:15.485379,2021-11-02 02:18:45.492905,138,139
N3,30,2021-11-02 02:18:45.492905,2021-11-02 02:19:15.500430,139,140
PLMS,0.505,2021-11-02 02:18:45.651943,2021-11-02 02:18:46.157071,139,139
PLMS,1.035,2021-11-02 02:19:09.476919,2021-11-02 02:19:10.512179,139,139
N3,30,2021-11-02 02:19:15.500430,2021-11-02 02:19:45.507956,140,141
PLMS,3.549,2021-11-02 02:19:34.548206,2021-11-02 02:19:38.098097,140,140
N3,30,2021-11-02 02:19:45.507956,2021-11-02 02:20:15.515482,141,142
PLMS,1.39,2021-11-02 02:19:54.385182,2021-11-02 02:19:55.775530,141,141
N3,30,2021-11-02 02:20:15.515482,2021-11-02 02:20:45.523007,142,143
Movement,30.749,2021-11-02 02:20:39.918599,2021-11-02 02:21:10.675313,142,143
Arousal,11.189,2021-11-02 02:20:42.243183,2021-11-02 02:20:53.434989,142,143
N1,30,2021-11-02 02:20:45.523007,2021-11-02 02:21:15.530533,143,144
PLMS,0.575,2021-11-02 02:21:12.804849,2021-11-02 02:21:13.379993,143,143
N2,30,2021-11-02 02:21:15.530533,2021-11-02 02:21:45.538058,144,145
Hypopnea,16.394,2021-11-02 02:21:23.336489,2021-11-02 02:21:39.734600,144,144
Arousal,5.56,2021-11-02 02:21:39.097440,2021-11-02 02:21:44.658836,144,144
N2,30,2021-11-02 02:21:45.538058,2021-11-02 02:22:15.545584,145,146
N3,30,2021-11-02 02:22:15.545584,2021-11-02 02:22:45.553110,146,147
Hypopnea,87.734,2021-11-02 02:22:33.130993,2021-11-02 02:24:00.887002,146,149
N2,30,2021-11-02 02:22:45.553110,2021-11-02 02:23:15.560635,147,148
N2,30,2021-11-02 02:23:15.560635,2021-11-02 02:23:45.568161,148,149
Desat,58.332,2021-11-02 02:23:28.022758,2021-11-02 02:24:26.369392,148,150
N2,30,2021-11-02 02:23:45.568161,2021-11-02 02:24:15.575686,149,150
N2,30,2021-11-02 02:24:15.575686,2021-11-02 02:24:45.583212,150,151
N2,30,2021-11-02 02:24:45.583212,2021-11-02 02:25:15.590737,151,152
Hypopnea,35.599,2021-11-02 02:25:10.670502,2021-11-02 02:25:46.278432,151,153
REM,30,2021-11-02 02:25:15.590737,2021-11-02 02:25:45.598263,152,153
Desat,29.331999999999997,2021-11-02 02:25:40.720037,2021-11-02 02:26:10.059396,152,153
REM,30,2021-11-02 02:25:45.598263,2021-11-02 02:26:15.605789,153,154
N2,30,2021-11-02 02:26:15.605789,2021-11-02 02:26:45.613314,154,155
Hypopnea,28.224999999999998,2021-11-02 02:26:15.634795,2021-11-02 02:26:43.866875,154,154
N2,30,2021-11-02 02:26:45.613314,2021-11-02 02:27:15.620840,155,156
Hypopnea,50.412,2021-11-02 02:26:54.855631,2021-11-02 02:27:45.280277,155,156
Desat,41.332,2021-11-02 02:27:13.075200,2021-11-02 02:27:54.417567,155,157
REM,30,2021-11-02 02:27:15.620840,2021-11-02 02:27:45.628365,156,157
REM,30,2021-11-02 02:27:45.628365,2021-11-02 02:28:15.635891,157,158
REM,30,2021-11-02 02:28:15.635891,2021-11-02 02:28:45.643416,158,159
Hypopnea,46.437,2021-11-02 02:28:27.248801,2021-11-02 02:29:13.697450,158,159
REM,30,2021-11-02 02:28:45.643416,2021-11-02 02:29:15.650942,159,160
Desat,42.332,2021-11-02 02:28:58.766706,2021-11-02 02:29:41.109326,159,160
REM,30,2021-11-02 02:29:15.650942,2021-11-02 02:29:45.658468,160,161
Arousal,3.8529999999999998,2021-11-02 02:29:29.395388,2021-11-02 02:29:33.249354,160,160
N2,30,2021-11-02 02:29:45.658468,2021-11-02 02:30:15.665993,161,162
Hypopnea,17.07,2021-11-02 02:29:59.804014,2021-11-02 02:30:16.878294,161,162
REM,30,2021-11-02 02:30:15.665993,2021-11-02 02:30:45.673519,162,163
Arousal,3.9549999999999996,2021-11-02 02:30:15.843037,2021-11-02 02:30:19.799028,162,162
Hypopnea,50.482,2021-11-02 02:30:21.140363,2021-11-02 02:31:11.635028,162,163
Desat,60.998999999999995,2021-11-02 02:30:41.123377,2021-11-02 02:31:42.137679,162,164
REM,30,2021-11-02 02:30:45.673519,2021-11-02 02:31:15.681044,163,164
REM,30,2021-11-02 02:31:15.681044,2021-11-02 02:31:45.688570,164,165
Hypopnea,26.848,2021-11-02 02:31:31.694058,2021-11-02 02:31:58.548793,164,165
REM,30,2021-11-02 02:31:45.688570,2021-11-02 02:32:15.696096,165,166
Hypopnea,101.07,2021-11-02 02:31:59.496032,2021-11-02 02:33:40.591383,165,168
Desat,87.66499999999999,2021-11-02 02:32:00.475276,2021-11-02 02:33:28.162267,165,168
REM,30,2021-11-02 02:32:15.696096,2021-11-02 02:32:45.703621,166,167
REM,30,2021-11-02 02:32:45.703621,2021-11-02 02:33:15.711147,167,168
REM,30,2021-11-02 02:33:15.711147,2021-11-02 02:33:45.718672,168,169
Arousal,7.125,2021-11-02 02:33:37.823691,2021-11-02 02:33:44.950478,168,168
Wake,30,2021-11-02 02:33:45.718672,2021-11-02 02:34:15.726198,169,170
LM,0.85,2021-11-02 02:33:57.186548,2021-11-02 02:33:58.036761,169,169
REM,30,2021-11-02 02:34:15.726198,2021-11-02 02:34:45.733723,170,171
REM,30,2021-11-02 02:34:45.733723,2021-11-02 02:35:15.741249,171,172
Hypopnea,45.717999999999996,2021-11-02 02:34:59.513179,2021-11-02 02:35:45.242646,171,172
REM,30,2021-11-02 02:35:15.741249,2021-11-02 02:35:45.748775,172,173
Desat,40.332,2021-11-02 02:35:28.857538,2021-11-02 02:36:09.199654,172,173
REM,30,2021-11-02 02:35:45.748775,2021-11-02 02:36:15.756300,173,174
REM,30,2021-11-02 02:36:15.756300,2021-11-02 02:36:45.763826,174,175
REM,30,2021-11-02 02:36:45.763826,2021-11-02 02:37:15.771351,175,176
REM,30,2021-11-02 02:37:15.771351,2021-11-02 02:37:45.778877,176,177
Arousal,4.986,2021-11-02 02:37:26.963158,2021-11-02 02:37:31.950409,176,176
Hypopnea,23.83,2021-11-02 02:37:33.044682,2021-11-02 02:37:56.880658,176,177
REM,30,2021-11-02 02:37:45.778877,2021-11-02 02:38:15.786402,177,178
Arousal,13.064,2021-11-02 02:37:56.632599,2021-11-02 02:38:09.699875,177,177
REM,30,2021-11-02 02:38:15.786402,2021-11-02 02:38:45.793928,178,179
LM,1.085,2021-11-02 02:38:44.361567,2021-11-02 02:38:45.446840,178,178
REM,30,2021-11-02 02:38:45.793928,2021-11-02 02:39:15.801454,179,180
REM,30,2021-11-02 02:39:15.801454,2021-11-02 02:39:45.808979,180,181
REM,30,2021-11-02 02:39:45.808979,2021-11-02 02:40:15.816505,181,182
Arousal,8.603,2021-11-02 02:39:46.248089,2021-11-02 02:39:54.853246,181,181
REM,30,2021-11-02 02:40:15.816505,2021-11-02 02:40:45.824030,182,183
REM,30,2021-11-02 02:40:45.824030,2021-11-02 02:41:15.831556,183,184
REM,30,2021-11-02 02:41:15.831556,2021-11-02 02:41:45.839082,184,185
REM,30,2021-11-02 02:41:45.839082,2021-11-02 02:42:15.846607,185,186
N2,30,2021-11-02 02:42:15.846607,2021-11-02 02:42:45.854133,186,187
N1,30,2021-11-02 02:42:45.854133,2021-11-02 02:43:15.861658,187,188
LM,0.815,2021-11-02 02:42:46.283239,2021-11-02 02:42:47.098443,187,187
Arousal,9.177999999999999,2021-11-02 02:42:47.865634,2021-11-02 02:42:57.045939,187,187
LM,1.305,2021-11-02 02:42:48.493794,2021-11-02 02:42:49.799120,187,187
N2,30,2021-11-02 02:43:15.861658,2021-11-02 02:43:45.869184,188,189
N1,30,2021-11-02 02:43:45.869184,2021-11-02 02:44:15.876709,189,190
Arousal,10.985999999999999,2021-11-02 02:43:46.427322,2021-11-02 02:43:57.416078,189,189
Movement,1.75,2021-11-02 02:43:46.934450,2021-11-02 02:43:48.684889,189,189
A. Obstructive,22.625999999999998,2021-11-02 02:43:55.923705,2021-11-02 02:44:18.555380,189,190
Wake,30,2021-11-02 02:44:15.876709,2021-11-02 02:44:45.884235,190,191
Arousal,12.711,2021-11-02 02:44:19.358581,2021-11-02 02:44:32.072770,190,190
Movement,11.199,2021-11-02 02:44:24.241807,2021-11-02 02:44:35.443614,190,190
N1,30,2021-11-02 02:44:45.884235,2021-11-02 02:45:15.891761,191,192
LM,0.855,2021-11-02 02:44:49.016019,2021-11-02 02:44:49.871232,191,191
N2,30,2021-11-02 02:45:15.891761,2021-11-02 02:45:45.899286,192,193
Hypopnea,36.507,2021-11-02 02:45:27.078564,2021-11-02 02:46:03.594723,192,193
N2,30,2021-11-02 02:45:45.899286,2021-11-02 02:46:15.906812,193,194
Arousal,18.057,2021-11-02 02:46:03.024579,2021-11-02 02:46:21.086110,193,194
Movement,1.95,2021-11-02 02:46:03.710751,2021-11-02 02:46:05.661240,193,193
N1,30,2021-11-02 02:46:15.906812,2021-11-02 02:46:45.914337,194,195
Hypopnea,16.419,2021-11-02 02:46:19.343671,2021-11-02 02:46:35.766791,194,194
Desat,25.999,2021-11-02 02:46:42.014359,2021-11-02 02:47:08.019881,194,195
N1,30,2021-11-02 02:46:45.914337,2021-11-02 02:47:15.921863,195,196
LM,2.7039999999999997,2021-11-02 02:47:03.102646,2021-11-02 02:47:05.807326,195,195
N2,30,2021-11-02 02:47:15.921863,2021-11-02 02:47:45.929388,196,197
Hypopnea,38.628,2021-11-02 02:47:37.728331,2021-11-02 02:48:16.366021,196,198
N2,30,2021-11-02 02:47:45.929388,2021-11-02 02:48:15.936914,197,198
Desat,46.333,2021-11-02 02:47:52.697085,2021-11-02 02:48:39.041706,197,198
Arousal,6.425,2021-11-02 02:48:14.007428,2021-11-02 02:48:20.434040,197,198
N1,30,2021-11-02 02:48:15.936914,2021-11-02 02:48:45.944440,198,199
N2,30,2021-11-02 02:48:45.944440,2021-11-02 02:49:15.951965,199,200
N2,30,2021-11-02 02:49:15.951965,2021-11-02 02:49:45.959491,200,201
N2,30,2021-11-02 02:49:45.959491,2021-11-02 02:50:15.967016,201,202
N2,30,2021-11-02 02:50:15.967016,2021-11-02 02:50:45.974542,202,203
N2,30,2021-11-02 02:50:45.974542,2021-11-02 02:51:15.982068,203,204
N2,30,2021-11-02 02:51:15.982068,2021-11-02 02:51:45.989593,204,205
LM,1.7249999999999999,2021-11-02 02:51:44.881314,2021-11-02 02:51:46.606747,204,205
LM,1.014,2021-11-02 02:51:45.596493,2021-11-02 02:51:46.610747,204,205
N2,30,2021-11-02 02:51:45.989593,2021-11-02 02:52:15.997119,205,206
N2,30,2021-11-02 02:52:15.997119,2021-11-02 02:52:46.004644,206,207
N2,30,2021-11-02 02:52:46.004644,2021-11-02 02:53:16.012170,207,208
N2,30,2021-11-02 02:53:16.012170,2021-11-02 02:53:46.019695,208,209
N2,30,2021-11-02 02:53:46.019695,2021-11-02 02:54:16.027221,209,210
N2,30,2021-11-02 02:54:16.027221,2021-11-02 02:54:46.034747,210,211
Hypopnea,42.928,2021-11-02 02:54:44.780430,2021-11-02 02:55:27.719198,210,212
N2,30,2021-11-02 02:54:46.034747,2021-11-02 02:55:16.042272,211,212
Desat,53.998999999999995,2021-11-02 02:55:00.130280,2021-11-02 02:55:54.142826,211,213
Snore Train,64.733,2021-11-02 02:55:09.660670,2021-11-02 02:56:14.409909,211,213
N2,30,2021-11-02 02:55:16.042272,2021-11-02 02:55:46.049798,212,213
N2,30,2021-11-02 02:55:46.049798,2021-11-02 02:56:16.057323,213,214
N2,30,2021-11-02 02:56:16.057323,2021-11-02 02:56:46.064849,214,215
N2,30,2021-11-02 02:56:46.064849,2021-11-02 02:57:16.072374,215,216
N2,30,2021-11-02 02:57:16.072374,2021-11-02 02:57:46.079900,216,217
PLMS,0.995,2021-11-02 02:57:24.111388,2021-11-02 02:57:25.106638,216,216
PLM,227.161,2021-11-02 02:57:24.111388,2021-11-02 03:01:11.329372,216,223
N2,30,2021-11-02 02:57:46.079900,2021-11-02 02:58:16.087426,217,218
PLMS,3.549,2021-11-02 02:57:58.535023,2021-11-02 02:58:02.084914,217,217
N2,30,2021-11-02 02:58:16.087426,2021-11-02 02:58:46.094951,218,219
N2,30,2021-11-02 02:58:46.094951,2021-11-02 02:59:16.102477,219,220
PLMS,3.38,2021-11-02 02:59:02.438049,2021-11-02 02:59:05.818896,219,219
N2,30,2021-11-02 02:59:16.102477,2021-11-02 02:59:46.110002,220,221
Snore Train,92.28099999999999,2021-11-02 02:59:23.584352,2021-11-02 03:00:55.888499,220,223
PLMS,1.19,2021-11-02 02:59:33.245776,2021-11-02 02:59:34.436074,220,220
N2,30,2021-11-02 02:59:46.110002,2021-11-02 03:00:16.117528,221,222
N2,30,2021-11-02 03:00:16.117528,2021-11-02 03:00:46.125054,222,223
PLMS,5.4079999999999995,2021-11-02 03:00:37.278833,2021-11-02 03:00:42.688191,222,222
N2,30,2021-11-02 03:00:46.125054,2021-11-02 03:01:16.132579,223,224
PLMS,1.275,2021-11-02 03:01:10.054052,2021-11-02 03:01:11.329372,223,223
N2,30,2021-11-02 03:01:16.132579,2021-11-02 03:01:46.140105,224,225
N3,30,2021-11-02 03:01:46.140105,2021-11-02 03:02:16.147630,225,226
Movement,17.698999999999998,2021-11-02 03:02:04.544720,2021-11-02 03:02:22.248157,225,226
N3,30,2021-11-02 03:02:16.147630,2021-11-02 03:02:46.155156,226,227
N3,30,2021-11-02 03:02:46.155156,2021-11-02 03:03:16.162681,227,228
Snore Train,110.02799999999999,2021-11-02 03:03:02.343213,2021-11-02 03:04:52.398813,227,231
N3,30,2021-11-02 03:03:16.162681,2021-11-02 03:03:46.170207,228,229
N3,30,2021-11-02 03:03:46.170207,2021-11-02 03:04:16.177733,229,230
N3,30,2021-11-02 03:04:16.177733,2021-11-02 03:04:46.185258,230,231
PLMS,2.197,2021-11-02 03:04:18.235247,2021-11-02 03:04:20.432799,230,230
PLM,219.381,2021-11-02 03:04:18.235247,2021-11-02 03:07:57.671281,230,237
N3,30,2021-11-02 03:04:46.185258,2021-11-02 03:05:16.192784,231,232
N3,30,2021-11-02 03:05:16.192784,2021-11-02 03:05:46.200309,232,233
PLMS,2.197,2021-11-02 03:05:39.720682,2021-11-02 03:05:41.918234,232,232
N3,30,2021-11-02 03:05:46.200309,2021-11-02 03:06:16.207835,233,234
PLMS,2.8729999999999998,2021-11-02 03:06:11.672697,2021-11-02 03:06:14.546418,233,233
N3,30,2021-11-02 03:06:16.207835,2021-11-02 03:06:46.215360,234,235
Snore Train,141.803,2021-11-02 03:06:18.955522,2021-11-02 03:08:40.794096,234,238
N3,30,2021-11-02 03:06:46.215360,2021-11-02 03:07:16.222886,235,236
N3,30,2021-11-02 03:07:16.222886,2021-11-02 03:07:46.230412,236,237
PLMS,2.5349999999999997,2021-11-02 03:07:24.535968,2021-11-02 03:07:27.071605,236,236
N3,30,2021-11-02 03:07:46.230412,2021-11-02 03:08:16.237937,237,238
PLMS,2.029,2021-11-02 03:07:55.641770,2021-11-02 03:07:57.671281,237,237
N3,30,2021-11-02 03:08:16.237937,2021-11-02 03:08:46.245463,238,239
N3,30,2021-11-02 03:08:46.245463,2021-11-02 03:09:16.252988,239,240
Snore Train,119.493,2021-11-02 03:08:57.192206,2021-11-02 03:10:56.715180,239,243
N3,30,2021-11-02 03:09:16.252988,2021-11-02 03:09:46.260514,240,241
LM,1.13,2021-11-02 03:09:31.460801,2021-11-02 03:09:32.591084,240,240
N3,30,2021-11-02 03:09:46.260514,2021-11-02 03:10:16.268040,241,242
N3,30,2021-11-02 03:10:16.268040,2021-11-02 03:10:46.275565,242,243
N3,30,2021-11-02 03:10:46.275565,2021-11-02 03:11:16.283091,243,244
N3,30,2021-11-02 03:11:16.283091,2021-11-02 03:11:46.290616,244,245
LM,3.549,2021-11-02 03:11:37.106312,2021-11-02 03:11:40.656202,244,244
N3,30,2021-11-02 03:11:46.290616,2021-11-02 03:12:16.298142,245,246
N3,30,2021-11-02 03:12:16.298142,2021-11-02 03:12:46.305667,246,247
N3,30,2021-11-02 03:12:46.305667,2021-11-02 03:13:16.313193,247,248
Snore Train,197.74599999999998,2021-11-02 03:12:51.335928,2021-11-02 03:16:09.131534,247,253
N3,30,2021-11-02 03:13:16.313193,2021-11-02 03:13:46.320719,248,249
LM,2.536,2021-11-02 03:13:43.221941,2021-11-02 03:13:45.758577,248,248
N3,30,2021-11-02 03:13:46.320719,2021-11-02 03:14:16.328244,249,250
N3,30,2021-11-02 03:14:16.328244,2021-11-02 03:14:46.335770,250,251
N3,30,2021-11-02 03:14:46.335770,2021-11-02 03:15:16.343295,251,252
LM,2.028,2021-11-02 03:15:02.678868,2021-11-02 03:15:04.707376,251,251
N3,30,2021-11-02 03:15:16.343295,2021-11-02 03:15:46.350821,252,253
N3,30,2021-11-02 03:15:46.350821,2021-11-02 03:16:16.358346,253,254
N3,30,2021-11-02 03:16:16.358346,2021-11-02 03:16:46.365872,254,255
N3,30,2021-11-02 03:16:46.365872,2021-11-02 03:17:16.373398,255,256
Snore Train,261.634,2021-11-02 03:16:51.565173,2021-11-02 03:21:13.264806,255,263
LM,1.16,2021-11-02 03:17:14.959040,2021-11-02 03:17:16.119332,255,255
N3,30,2021-11-02 03:17:16.373398,2021-11-02 03:17:46.380923,256,257
N3,30,2021-11-02 03:17:46.380923,2021-11-02 03:18:16.388449,257,258
N3,30,2021-11-02 03:18:16.388449,2021-11-02 03:18:46.395974,258,259
N3,30,2021-11-02 03:18:46.395974,2021-11-02 03:19:16.403500,259,260
LM,3.2119999999999997,2021-11-02 03:18:56.652546,2021-11-02 03:18:59.865351,259,259
N3,30,2021-11-02 03:19:16.403500,2021-11-02 03:19:46.411026,260,261
N3,30,2021-11-02 03:19:46.411026,2021-11-02 03:20:16.418551,261,262
LM,1.005,2021-11-02 03:19:56.035437,2021-11-02 03:19:57.040691,261,261
N3,30,2021-11-02 03:20:16.418551,2021-11-02 03:20:46.426077,262,263
N3,30,2021-11-02 03:20:46.426077,2021-11-02 03:21:16.433602,263,264
N3,30,2021-11-02 03:21:16.433602,2021-11-02 03:21:46.441128,264,265
Snore Train,281.916,2021-11-02 03:21:21.209800,2021-11-02 03:26:03.196519,264,273
N3,30,2021-11-02 03:21:46.441128,2021-11-02 03:22:16.448653,265,266
N3,30,2021-11-02 03:22:16.448653,2021-11-02 03:22:46.456179,266,267
N3,30,2021-11-02 03:22:46.456179,2021-11-02 03:23:16.463705,267,268
N3,30,2021-11-02 03:23:16.463705,2021-11-02 03:23:46.471230,268,269
N3,30,2021-11-02 03:23:46.471230,2021-11-02 03:24:16.478756,269,270
N3,30,2021-11-02 03:24:16.478756,2021-11-02 03:24:46.486281,270,271
PLMS,1.521,2021-11-02 03:24:26.651305,2021-11-02 03:24:28.172688,270,270
PLM,144.507,2021-11-02 03:24:26.651305,2021-11-02 03:26:51.194556,270,275
N3,30,2021-11-02 03:24:46.486281,2021-11-02 03:25:16.493807,271,272
PLMS,2.8729999999999998,2021-11-02 03:25:14.325261,2021-11-02 03:25:17.198982,271,272
N3,30,2021-11-02 03:25:16.493807,2021-11-02 03:25:46.501332,272,273
N3,30,2021-11-02 03:25:46.501332,2021-11-02 03:26:16.508858,273,274
PLMS,3.211,2021-11-02 03:25:48.136740,2021-11-02 03:25:51.348546,273,273
N3,30,2021-11-02 03:26:16.508858,2021-11-02 03:26:46.516384,274,275
Snore Train,231.54899999999998,2021-11-02 03:26:17.735165,2021-11-02 03:30:09.342250,274,281
N3,30,2021-11-02 03:26:46.516384,2021-11-02 03:27:16.523909,275,276
PLMS,2.5349999999999997,2021-11-02 03:26:48.658920,2021-11-02 03:26:51.194556,275,275
N3,30,2021-11-02 03:27:16.523909,2021-11-02 03:27:46.531435,276,277
N3,30,2021-11-02 03:27:46.531435,2021-11-02 03:28:16.538960,277,278
N3,30,2021-11-02 03:28:16.538960,2021-11-02 03:28:46.546486,278,279
N3,30,2021-11-02 03:28:46.546486,2021-11-02 03:29:16.554012,279,280
N3,30,2021-11-02 03:29:16.554012,2021-11-02 03:29:46.561537,280,281
LM,2.8739999999999997,2021-11-02 03:29:33.319213,2021-11-02 03:29:36.193934,280,280
N3,30,2021-11-02 03:29:46.561537,2021-11-02 03:30:16.569063,281,282
LM,0.9149999999999999,2021-11-02 03:30:06.606564,2021-11-02 03:30:07.521792,281,281
Arousal,5.133,2021-11-02 03:30:13.137200,2021-11-02 03:30:18.271489,281,282
N2,30,2021-11-02 03:30:16.569063,2021-11-02 03:30:46.576588,282,283
N2,30,2021-11-02 03:30:46.576588,2021-11-02 03:31:16.584114,283,284
N2,30,2021-11-02 03:31:16.584114,2021-11-02 03:31:46.591639,284,285
N2,30,2021-11-02 03:31:46.591639,2021-11-02 03:32:16.599165,285,286
N2,30,2021-11-02 03:32:16.599165,2021-11-02 03:32:46.606691,286,287
Hypopnea,13.859,2021-11-02 03:32:46.141571,2021-11-02 03:33:00.004049,286,287
N2,30,2021-11-02 03:32:46.606691,2021-11-02 03:33:16.614216,287,288
Arousal,3.262,2021-11-02 03:32:58.846757,2021-11-02 03:33:02.109576,287,287
Hypopnea,24.843999999999998,2021-11-02 03:33:13.382404,2021-11-02 03:33:38.232638,287,288
N2,30,2021-11-02 03:33:16.614216,2021-11-02 03:33:46.621742,288,289
Movement,10.549999999999999,2021-11-02 03:33:32.706252,2021-11-02 03:33:43.258898,288,288
Desat,9.331999999999999,2021-11-02 03:33:37.671497,2021-11-02 03:33:47.005836,288,289
Arousal,8.796,2021-11-02 03:33:38.760769,2021-11-02 03:33:47.558974,288,289
N2,30,2021-11-02 03:33:46.621742,2021-11-02 03:34:16.629267,289,290
Hypopnea,69.127,2021-11-02 03:34:07.796050,2021-11-02 03:35:16.940391,289,292
Snore Train,60.507,2021-11-02 03:34:15.150894,2021-11-02 03:35:15.673074,289,291
N2,30,2021-11-02 03:34:16.629267,2021-11-02 03:34:46.636793,290,291
N2,30,2021-11-02 03:34:46.636793,2021-11-02 03:35:16.644318,291,292
Movement,17.399,2021-11-02 03:35:06.624804,2021-11-02 03:35:24.028168,291,292
Wake,30,2021-11-02 03:35:16.644318,2021-11-02 03:35:46.651844,292,293
Arousal,16.614,2021-11-02 03:35:16.796356,2021-11-02 03:35:33.414523,292,292
Wake,30,2021-11-02 03:35:46.651844,2021-11-02 03:36:16.659370,293,294
Arousal,19.741,2021-11-02 03:35:56.203237,2021-11-02 03:36:15.949191,293,293
N1,30,2021-11-02 03:36:16.659370,2021-11-02 03:36:46.666895,294,295
Hypopnea,13.351999999999999,2021-11-02 03:36:45.766669,2021-11-02 03:36:59.122018,294,295
N2,30,2021-11-02 03:36:46.666895,2021-11-02 03:37:16.674421,295,296
Arousal,8.705,2021-11-02 03:37:03.927222,2021-11-02 03:37:12.634405,295,295
Movement,23.497999999999998,2021-11-02 03:37:06.347831,2021-11-02 03:37:29.851723,295,296
N2,30,2021-11-02 03:37:16.674421,2021-11-02 03:37:46.681946,296,297
LM,0.5499999999999999,2021-11-02 03:37:46.514902,2021-11-02 03:37:47.065040,296,297
N2,30,2021-11-02 03:37:46.681946,2021-11-02 03:38:16.689472,297,298
Hypopnea,41.641999999999996,2021-11-02 03:38:10.900017,2021-11-02 03:38:52.552465,297,299
N2,30,2021-11-02 03:38:16.689472,2021-11-02 03:38:46.696998,298,299
Desat,32.333,2021-11-02 03:38:36.740498,2021-11-02 03:39:09.081610,298,299
Wake,30,2021-11-02 03:38:46.696998,2021-11-02 03:39:16.704523,299,300
Arousal,20.586,2021-11-02 03:38:55.048089,2021-11-02 03:39:15.639253,299,299
Movement,29.497999999999998,2021-11-02 03:38:56.568472,2021-11-02 03:39:26.073872,299,300
N2,30,2021-11-02 03:39:16.704523,2021-11-02 03:39:46.712049,300,301
Desat,56.665,2021-11-02 03:39:30.419960,2021-11-02 03:40:27.099177,300,302
Hypopnea,29.409,2021-11-02 03:39:38.456976,2021-11-02 03:40:07.873354,300,301
N2,30,2021-11-02 03:39:46.712049,2021-11-02 03:40:16.719574,301,302
Arousal,27.084,2021-11-02 03:40:12.493514,2021-11-02 03:40:39.584306,301,302
Movement,10.2,2021-11-02 03:40:16.233452,2021-11-02 03:40:26.436011,301,302
Wake,30,2021-11-02 03:40:16.719574,2021-11-02 03:40:46.727100,302,303
N2,30,2021-11-02 03:40:46.727100,2021-11-02 03:41:16.734625,303,304
Desat,24.331999999999997,2021-11-02 03:40:53.439781,2021-11-02 03:41:17.777886,303,304
Arousal,13.402999999999999,2021-11-02 03:40:58.375019,2021-11-02 03:41:11.781381,303,303
N2,30,2021-11-02 03:41:16.734625,2021-11-02 03:41:46.742151,304,305
Hypopnea,54.76,2021-11-02 03:41:31.471319,2021-11-02 03:42:26.245057,304,306
Desat,60.665,2021-11-02 03:41:40.783655,2021-11-02 03:42:41.463873,304,306
N2,30,2021-11-02 03:41:46.742151,2021-11-02 03:42:16.749677,305,306
N2,30,2021-11-02 03:42:16.749677,2021-11-02 03:42:46.757202,306,307
Snore Train,25.858999999999998,2021-11-02 03:42:39.277324,2021-11-02 03:43:05.142812,306,307
N2,30,2021-11-02 03:42:46.757202,2021-11-02 03:43:16.764728,307,308
N2,30,2021-11-02 03:43:16.764728,2021-11-02 03:43:46.772253,308,309
N2,30,2021-11-02 03:43:46.772253,2021-11-02 03:44:16.779779,309,310
N2,30,2021-11-02 03:44:16.779779,2021-11-02 03:44:46.787304,310,311
Hypopnea,87.206,2021-11-02 03:44:34.418200,2021-11-02 03:46:01.646078,310,313
Desat,98.33099999999999,2021-11-02 03:44:45.827063,2021-11-02 03:46:24.182728,310,314
N2,30,2021-11-02 03:44:46.787304,2021-11-02 03:45:16.794830,311,312
Snore Train,57.971999999999994,2021-11-02 03:45:13.456993,2021-11-02 03:46:11.443533,311,313
N2,30,2021-11-02 03:45:16.794830,2021-11-02 03:45:46.802356,312,313
N2,30,2021-11-02 03:45:46.802356,2021-11-02 03:46:16.809881,313,314
N2,30,2021-11-02 03:46:16.809881,2021-11-02 03:46:46.817407,314,315
N2,30,2021-11-02 03:46:46.817407,2021-11-02 03:47:16.824932,315,316
N2,30,2021-11-02 03:47:16.824932,2021-11-02 03:47:46.832458,316,317
Snore Train,205.352,2021-11-02 03:47:38.169285,2021-11-02 03:51:03.572798,316,323
N2,30,2021-11-02 03:47:46.832458,2021-11-02 03:48:16.839984,317,318
N2,30,2021-11-02 03:48:16.839984,2021-11-02 03:48:46.847509,318,319
N2,30,2021-11-02 03:48:46.847509,2021-11-02 03:49:16.855035,319,320
N2,30,2021-11-02 03:49:16.855035,2021-11-02 03:49:46.862560,320,321
N2,30,2021-11-02 03:49:46.862560,2021-11-02 03:50:16.870086,321,322
N2,30,2021-11-02 03:50:16.870086,2021-11-02 03:50:46.877611,322,323
N2,30,2021-11-02 03:50:46.877611,2021-11-02 03:51:16.885137,323,324
Hypopnea,45.972,2021-11-02 03:51:07.531788,2021-11-02 03:51:53.515321,323,325
N2,30,2021-11-02 03:51:16.885137,2021-11-02 03:51:46.892663,324,325
Wake,30,2021-11-02 03:51:46.892663,2021-11-02 03:52:16.900188,325,326
Arousal,16.462,2021-11-02 03:51:59.909927,2021-11-02 03:52:16.376056,325,325
Movement,13.849,2021-11-02 03:52:08.470072,2021-11-02 03:52:22.322546,325,326
Wake,30,2021-11-02 03:52:16.900188,2021-11-02 03:52:46.907714,326,327
Right,1070,2021-11-02 03:52:16.900188,2021-11-02 04:10:07.168600,326,361
N2,30,2021-11-02 03:52:46.907714,2021-11-02 03:53:16.915239,327,328
Bradycardia,37.333999999999996,2021-11-02 03:52:54.297567,2021-11-02 03:53:31.640930,327,328
N2,30,2021-11-02 03:53:16.915239,2021-11-02 03:53:46.922765,328,329
N2,30,2021-11-02 03:53:46.922765,2021-11-02 03:54:16.930290,329,330
N2,30,2021-11-02 03:54:16.930290,2021-11-02 03:54:46.937816,330,331
N2,30,2021-11-02 03:54:46.937816,2021-11-02 03:55:16.945342,331,332
N2,30,2021-11-02 03:55:16.945342,2021-11-02 03:55:46.952867,332,333
N2,30,2021-11-02 03:55:46.952867,2021-11-02 03:56:16.960393,333,334
N2,30,2021-11-02 03:56:16.960393,2021-11-02 03:56:46.967918,334,335
N2,30,2021-11-02 03:56:46.967918,2021-11-02 03:57:16.975444,335,336
N2,30,2021-11-02 03:57:16.975444,2021-11-02 03:57:46.982970,336,337
N2,30,2021-11-02 03:57:46.982970,2021-11-02 03:58:16.990495,337,338
REM,30,2021-11-02 03:58:16.990495,2021-11-02 03:58:46.998021,338,339
REM,30,2021-11-02 03:58:46.998021,2021-11-02 03:59:17.005546,339,340
REM,30,2021-11-02 03:59:17.005546,2021-11-02 03:59:47.013072,340,341
REM,30,2021-11-02 03:59:47.013072,2021-11-02 04:00:17.020597,341,342
REM,30,2021-11-02 04:00:17.020597,2021-11-02 04:00:47.028123,342,343
REM,30,2021-11-02 04:00:47.028123,2021-11-02 04:01:17.035649,343,344
REM,30,2021-11-02 04:01:17.035649,2021-11-02 04:01:47.043174,344,345
REM,30,2021-11-02 04:01:47.043174,2021-11-02 04:02:17.050700,345,346
REM,30,2021-11-02 04:02:17.050700,2021-11-02 04:02:47.058225,346,347
LM,3.888,2021-11-02 04:02:45.480827,2021-11-02 04:02:49.369802,346,347
REM,30,2021-11-02 04:02:47.058225,2021-11-02 04:03:17.065751,347,348
LM,0.95,2021-11-02 04:03:12.212531,2021-11-02 04:03:13.162769,347,347
REM,30,2021-11-02 04:03:17.065751,2021-11-02 04:03:47.073276,348,349
LM,3.042,2021-11-02 04:03:28.759683,2021-11-02 04:03:31.802445,348,348
LM,0.5,2021-11-02 04:03:29.450855,2021-11-02 04:03:29.950981,348,348
REM,30,2021-11-02 04:03:47.073276,2021-11-02 04:04:17.080802,349,350
REM,30,2021-11-02 04:04:17.080802,2021-11-02 04:04:47.088328,350,351
REM,30,2021-11-02 04:04:47.088328,2021-11-02 04:05:17.095853,351,352
REM,30,2021-11-02 04:05:17.095853,2021-11-02 04:05:47.103379,352,353
REM,30,2021-11-02 04:05:47.103379,2021-11-02 04:06:17.110904,353,354
REM,30,2021-11-02 04:06:17.110904,2021-11-02 04:06:47.118430,354,355
Hypopnea,81.634,2021-11-02 04:06:43.272464,2021-11-02 04:08:04.926943,354,357
REM,30,2021-11-02 04:06:47.118430,2021-11-02 04:07:17.125956,355,356
REM,30,2021-11-02 04:07:17.125956,2021-11-02 04:07:47.133481,356,357
REM,30,2021-11-02 04:07:47.133481,2021-11-02 04:08:17.141007,357,358
Arousal,3.9219999999999997,2021-11-02 04:08:08.839925,2021-11-02 04:08:12.762906,357,357
REM,30,2021-11-02 04:08:17.141007,2021-11-02 04:08:47.148532,358,359
LM,1.353,2021-11-02 04:08:46.078263,2021-11-02 04:08:47.431601,358,359
REM,30,2021-11-02 04:08:47.148532,2021-11-02 04:09:17.156058,359,360
REM,30,2021-11-02 04:09:17.156058,2021-11-02 04:09:47.163583,360,361
Wake,30,2021-11-02 04:09:47.163583,2021-11-02 04:10:17.171109,361,362
Arousal,18.845,2021-11-02 04:09:58.118330,2021-11-02 04:10:16.968056,361,361
LM,7.114,2021-11-02 04:09:59.905779,2021-11-02 04:10:07.021563,361,361
LM,1.0939999999999999,2021-11-02 04:10:00.170844,2021-11-02 04:10:01.265117,361,361
Movement,41.948,2021-11-02 04:10:00.524932,2021-11-02 04:10:42.483456,361,362
LM,4.895,2021-11-02 04:10:02.190349,2021-11-02 04:10:07.086579,361,361
Supine,295,2021-11-02 04:10:07.168600,2021-11-02 04:15:02.242602,361,371
LM,2.005,2021-11-02 04:10:13.788259,2021-11-02 04:10:15.793761,361,361
Wake,30,2021-11-02 04:10:17.171109,2021-11-02 04:10:47.178635,362,363
LM,3.155,2021-11-02 04:10:20.208868,2021-11-02 04:10:23.364661,362,362
LM,3.895,2021-11-02 04:10:22.339404,2021-11-02 04:10:26.235379,362,362
LM,6.52,2021-11-02 04:10:35.866797,2021-11-02 04:10:42.388430,362,362
LM,4.8,2021-11-02 04:10:36.677001,2021-11-02 04:10:41.478205,362,362
LM,1.255,2021-11-02 04:10:43.198634,2021-11-02 04:10:44.453951,362,362
Wake,30,2021-11-02 04:10:47.178635,2021-11-02 04:11:17.186160,363,364
Wake,30,2021-11-02 04:11:17.186160,2021-11-02 04:11:47.193686,364,365
Desat,57.332,2021-11-02 04:11:26.533502,2021-11-02 04:12:23.879886,364,366
Hypopnea,40.108999999999995,2021-11-02 04:11:32.296948,2021-11-02 04:12:12.416010,364,365
N1,30,2021-11-02 04:11:47.193686,2021-11-02 04:12:17.201211,365,366
Arousal,13.995999999999999,2021-11-02 04:12:10.455518,2021-11-02 04:12:24.455030,365,366
Wake,30,2021-11-02 04:12:17.201211,2021-11-02 04:12:47.208737,366,367
Wake,30,2021-11-02 04:12:47.208737,2021-11-02 04:13:17.216262,367,368
N1,30,2021-11-02 04:13:17.216262,2021-11-02 04:13:47.223788,368,369
LM,0.99,2021-11-02 04:13:17.668375,2021-11-02 04:13:18.658623,368,368
Hypopnea,27.718,2021-11-02 04:13:46.069496,2021-11-02 04:14:13.794451,368,369
N2,30,2021-11-02 04:13:47.223788,2021-11-02 04:14:17.231314,369,370
Arousal,17.677,2021-11-02 04:14:15.945991,2021-11-02 04:14:33.627424,369,370
Movement,2.1,2021-11-02 04:14:16.724185,2021-11-02 04:14:18.824712,369,370
Wake,30,2021-11-02 04:14:17.231314,2021-11-02 04:14:47.238839,370,371
Wake,30,2021-11-02 04:14:47.238839,2021-11-02 04:15:17.246365,371,372
Desat,24.999,2021-11-02 04:14:50.247592,2021-11-02 04:15:15.252863,371,371
Arousal,24.929,2021-11-02 04:14:50.873749,2021-11-02 04:15:15.809004,371,371
Movement,166.89,2021-11-02 04:15:01.483411,2021-11-02 04:17:48.415275,371,377
Upright,35,2021-11-02 04:15:02.242602,2021-11-02 04:15:37.251382,371,372
Wake,30,2021-11-02 04:15:17.246365,2021-11-02 04:15:47.253890,372,373
Right,5,2021-11-02 04:15:37.251382,2021-11-02 04:15:42.252636,372,372
Single Snore,0.35,2021-11-02 04:15:38.055583,2021-11-02 04:15:38.405670,372,372
LM,5.89,2021-11-02 04:15:38.459683,2021-11-02 04:15:44.351160,372,372
Upright,110,2021-11-02 04:15:42.252636,2021-11-02 04:17:32.280230,372,376
Single Snore,0.31,2021-11-02 04:15:43.256887,2021-11-02 04:15:43.566965,372,372
Wake,30,2021-11-02 04:15:47.253890,2021-11-02 04:16:17.261416,373,374
LM,1.025,2021-11-02 04:16:09.156381,2021-11-02 04:16:10.181638,373,373
Wake,30,2021-11-02 04:16:17.261416,2021-11-02 04:16:47.268942,374,375
Wake,30,2021-11-02 04:16:47.268942,2021-11-02 04:17:17.276467,375,376
LM,1.9549999999999998,2021-11-02 04:16:52.489249,2021-11-02 04:16:54.444738,375,375
LM,5.7,2021-11-02 04:16:52.764318,2021-11-02 04:16:58.465748,375,375
LM,3.4339999999999997,2021-11-02 04:17:01.956623,2021-11-02 04:17:05.391485,375,375
LM,4.574,2021-11-02 04:17:02.121664,2021-11-02 04:17:06.696811,375,375
Single Snore,0.52,2021-11-02 04:17:05.697560,2021-11-02 04:17:06.217692,375,375
Single Snore,0.38999999999999996,2021-11-02 04:17:09.448501,2021-11-02 04:17:09.838601,375,375
LM,2.92,2021-11-02 04:17:09.912620,2021-11-02 04:17:12.833351,375,375
LM,4.484999999999999,2021-11-02 04:17:10.112670,2021-11-02 04:17:14.598793,375,375
LM,0.625,2021-11-02 04:17:13.488517,2021-11-02 04:17:14.113674,375,375
LM,3.2649999999999997,2021-11-02 04:17:15.909122,2021-11-02 04:17:19.174941,375,376
Wake,30,2021-11-02 04:17:17.276467,2021-11-02 04:17:47.283993,376,377
Supine,2855,2021-11-02 04:17:32.280230,2021-11-02 05:05:07.996414,376,471
LM,1.529,2021-11-02 04:17:34.887882,2021-11-02 04:17:36.417265,376,376
LM,1.5999999999999999,2021-11-02 04:17:41.308494,2021-11-02 04:17:42.908895,376,376
LM,1.47,2021-11-02 04:17:43.664083,2021-11-02 04:17:45.134453,376,376
Wake,30,2021-11-02 04:17:47.283993,2021-11-02 04:18:17.291518,377,378
Desat,57.998,2021-11-02 04:17:48.956410,2021-11-02 04:18:46.968959,377,378
Wake,30,2021-11-02 04:18:17.291518,2021-11-02 04:18:47.299044,378,379
Wake,30,2021-11-02 04:18:47.299044,2021-11-02 04:19:17.306569,379,380
Wake,30,2021-11-02 04:19:17.306569,2021-11-02 04:19:47.314095,380,381
N2,30,2021-11-02 04:19:47.314095,2021-11-02 04:20:17.321621,381,382
Hypopnea,15.210999999999999,2021-11-02 04:19:48.188311,2021-11-02 04:20:03.403127,381,381
Arousal,12.456,2021-11-02 04:20:03.628184,2021-11-02 04:20:16.087310,381,381
N1,30,2021-11-02 04:20:17.321621,2021-11-02 04:20:47.329146,382,383
N2,30,2021-11-02 04:20:47.329146,2021-11-02 04:21:17.336672,383,384
N2,30,2021-11-02 04:21:17.336672,2021-11-02 04:21:47.344197,384,385
N2,30,2021-11-02 04:21:47.344197,2021-11-02 04:22:17.351723,385,386
N2,30,2021-11-02 04:22:17.351723,2021-11-02 04:22:47.359248,386,387
A. Obstructive,11.414,2021-11-02 04:22:21.077657,2021-11-02 04:22:32.494520,386,386
A. Obstructive,24.118,2021-11-02 04:22:32.984642,2021-11-02 04:22:57.108691,386,387
N2,30,2021-11-02 04:22:47.359248,2021-11-02 04:23:17.366774,387,388
Desat,30.333,2021-11-02 04:22:48.025415,2021-11-02 04:23:18.366022,387,388
Movement,2.9,2021-11-02 04:22:57.223719,2021-11-02 04:23:00.124447,387,387
Arousal,13.639999999999999,2021-11-02 04:22:57.265732,2021-11-02 04:23:10.909153,387,387
N1,30,2021-11-02 04:23:17.366774,2021-11-02 04:23:47.374300,388,389
Hypopnea,27.605,2021-11-02 04:23:20.043445,2021-11-02 04:23:47.655369,388,389
Desat,24,2021-11-02 04:23:45.038713,2021-11-02 04:24:09.044734,388,389
N2,30,2021-11-02 04:23:47.374300,2021-11-02 04:24:17.381825,389,390
Arousal,8.772,2021-11-02 04:24:04.043479,2021-11-02 04:24:12.817678,389,389
Hypopnea,30.607999999999997,2021-11-02 04:24:15.244289,2021-11-02 04:24:45.859965,389,390
N1,30,2021-11-02 04:24:17.381825,2021-11-02 04:24:47.389351,390,391
Desat,41.998999999999995,2021-11-02 04:24:32.716670,2021-11-02 04:25:14.726205,390,391
N1,30,2021-11-02 04:24:47.389351,2021-11-02 04:25:17.396876,391,392
N1,30,2021-11-02 04:25:17.396876,2021-11-02 04:25:47.404402,392,393
N2,30,2021-11-02 04:25:47.404402,2021-11-02 04:26:17.411928,393,394
N2,30,2021-11-02 04:26:17.411928,2021-11-02 04:26:47.419453,394,395
N2,30,2021-11-02 04:26:47.419453,2021-11-02 04:27:17.426979,395,396
N2,30,2021-11-02 04:27:17.426979,2021-11-02 04:27:47.434504,396,397
N2,30,2021-11-02 04:27:47.434504,2021-11-02 04:28:17.442030,397,398
N2,30,2021-11-02 04:28:17.442030,2021-11-02 04:28:47.449555,398,399
N2,30,2021-11-02 04:28:47.449555,2021-11-02 04:29:17.457081,399,400
N2,30,2021-11-02 04:29:17.457081,2021-11-02 04:29:47.464607,400,401
N2,30,2021-11-02 04:29:47.464607,2021-11-02 04:30:17.472132,401,402
N2,30,2021-11-02 04:30:17.472132,2021-11-02 04:30:47.479658,402,403
N2,30,2021-11-02 04:30:47.479658,2021-11-02 04:31:17.487183,403,404
N2,30,2021-11-02 04:31:17.487183,2021-11-02 04:31:47.494709,404,405
N2,30,2021-11-02 04:31:47.494709,2021-11-02 04:32:17.502234,405,406
N2,30,2021-11-02 04:32:17.502234,2021-11-02 04:32:47.509760,406,407
N2,30,2021-11-02 04:32:47.509760,2021-11-02 04:33:17.517286,407,408
N2,30,2021-11-02 04:33:17.517286,2021-11-02 04:33:47.524811,408,409
LM,1.44,2021-11-02 04:33:23.483781,2021-11-02 04:33:24.924142,408,408
Snore Train,38.028999999999996,2021-11-02 04:33:34.803619,2021-11-02 04:34:12.842158,408,409
N2,30,2021-11-02 04:33:47.524811,2021-11-02 04:34:17.532337,409,410
N2,30,2021-11-02 04:34:17.532337,2021-11-02 04:34:47.539862,410,411
N2,30,2021-11-02 04:34:47.539862,2021-11-02 04:35:17.547388,411,412
N2,30,2021-11-02 04:35:17.547388,2021-11-02 04:35:47.554914,412,413
N2,30,2021-11-02 04:35:47.554914,2021-11-02 04:36:17.562439,413,414
N2,30,2021-11-02 04:36:17.562439,2021-11-02 04:36:47.569965,414,415
N2,30,2021-11-02 04:36:47.569965,2021-11-02 04:37:17.577490,415,416
N2,30,2021-11-02 04:37:17.577490,2021-11-02 04:37:47.585016,416,417
N2,30,2021-11-02 04:37:47.585016,2021-11-02 04:38:17.592541,417,418
Snore Train,61.69,2021-11-02 04:38:07.999133,2021-11-02 04:39:09.704608,417,419
N2,30,2021-11-02 04:38:17.592541,2021-11-02 04:38:47.600067,418,419
N2,30,2021-11-02 04:38:47.600067,2021-11-02 04:39:17.607593,419,420
N2,30,2021-11-02 04:39:17.607593,2021-11-02 04:39:47.615118,420,421
N2,30,2021-11-02 04:39:47.615118,2021-11-02 04:40:17.622644,421,422
N2,30,2021-11-02 04:40:17.622644,2021-11-02 04:40:47.630169,422,423
LM,3.96,2021-11-02 04:40:40.892479,2021-11-02 04:40:44.853470,422,422
Arousal,11.43,2021-11-02 04:40:41.425611,2021-11-02 04:40:52.858480,422,423
LM,2.04,2021-11-02 04:40:41.722686,2021-11-02 04:40:43.763197,422,422
Movement,5.1499999999999995,2021-11-02 04:40:42.127786,2021-11-02 04:40:47.279078,422,422
N1,30,2021-11-02 04:40:47.630169,2021-11-02 04:41:17.637695,423,424
N2,30,2021-11-02 04:41:17.637695,2021-11-02 04:41:47.645220,424,425
N2,30,2021-11-02 04:41:47.645220,2021-11-02 04:42:17.652746,425,426
N2,30,2021-11-02 04:42:17.652746,2021-11-02 04:42:47.660272,426,427
N2,30,2021-11-02 04:42:47.660272,2021-11-02 04:43:17.667797,427,428
N2,30,2021-11-02 04:43:17.667797,2021-11-02 04:43:47.675323,428,429
N2,30,2021-11-02 04:43:47.675323,2021-11-02 04:44:17.682848,429,430
N2,30,2021-11-02 04:44:17.682848,2021-11-02 04:44:47.690374,430,431
N2,30,2021-11-02 04:44:47.690374,2021-11-02 04:45:17.697900,431,432
N2,30,2021-11-02 04:45:17.697900,2021-11-02 04:45:47.705425,432,433
N3,30,2021-11-02 04:45:47.705425,2021-11-02 04:46:17.712951,433,434
N2,30,2021-11-02 04:46:17.712951,2021-11-02 04:46:47.720476,434,435
PLMS,3.2119999999999997,2021-11-02 04:46:34.816237,2021-11-02 04:46:38.029043,434,434
PLM,392.789,2021-11-02 04:46:34.816237,2021-11-02 04:53:07.703772,434,447
N2,30,2021-11-02 04:46:47.720476,2021-11-02 04:47:17.728002,435,436
N2,30,2021-11-02 04:47:17.728002,2021-11-02 04:47:47.735527,436,437
N2,30,2021-11-02 04:47:47.735527,2021-11-02 04:48:17.743053,437,438
Desat,58.998,2021-11-02 04:47:57.044860,2021-11-02 04:48:56.057661,437,439
PLMS,3.2119999999999997,2021-11-02 04:47:57.146885,2021-11-02 04:48:00.359691,437,437
N2,30,2021-11-02 04:48:17.743053,2021-11-02 04:48:47.750579,438,439
N2,30,2021-11-02 04:48:47.750579,2021-11-02 04:49:17.758104,439,440
N2,30,2021-11-02 04:49:17.758104,2021-11-02 04:49:47.765630,440,441
PLMS,0.7939999999999999,2021-11-02 04:49:22.133198,2021-11-02 04:49:22.927399,440,440
PLMS,0.63,2021-11-02 04:49:37.841140,2021-11-02 04:49:38.471297,440,440
N2,30,2021-11-02 04:49:47.765630,2021-11-02 04:50:17.773155,441,442
N2,30,2021-11-02 04:50:17.773155,2021-11-02 04:50:47.780681,442,443
PLMS,0.595,2021-11-02 04:50:47.768678,2021-11-02 04:50:48.363825,442,443
N3,30,2021-11-02 04:50:47.780681,2021-11-02 04:51:17.788206,443,444
PLMS,0.62,2021-11-02 04:51:07.087522,2021-11-02 04:51:07.707676,443,443
N2,30,2021-11-02 04:51:17.788206,2021-11-02 04:51:47.795732,444,445
PLMS,2.197,2021-11-02 04:51:24.917994,2021-11-02 04:51:27.115546,444,444
Snore Train,55.437,2021-11-02 04:51:45.556168,2021-11-02 04:52:41.007074,444,446
N2,30,2021-11-02 04:51:47.795732,2021-11-02 04:52:17.803258,445,446
N2,30,2021-11-02 04:52:17.803258,2021-11-02 04:52:47.810783,446,447
PLMS,2.7039999999999997,2021-11-02 04:52:24.764001,2021-11-02 04:52:27.468681,446,446
N2,30,2021-11-02 04:52:47.810783,2021-11-02 04:53:17.818309,447,448
PLMS,3.042,2021-11-02 04:53:04.661007,2021-11-02 04:53:07.703772,447,447
Snore Train,43.943999999999996,2021-11-02 04:53:08.732029,2021-11-02 04:53:52.687051,447,449
N3,30,2021-11-02 04:53:17.818309,2021-11-02 04:53:47.825834,448,449
N3,30,2021-11-02 04:53:47.825834,2021-11-02 04:54:17.833360,449,450
N3,30,2021-11-02 04:54:17.833360,2021-11-02 04:54:47.840886,450,451
N2,30,2021-11-02 04:54:47.840886,2021-11-02 04:55:17.848411,451,452
PLMS,1.183,2021-11-02 04:55:04.014940,2021-11-02 04:55:05.198238,451,451
PLM,334.673,2021-11-02 04:55:04.014940,2021-11-02 05:00:38.771894,451,462
N2,30,2021-11-02 04:55:17.848411,2021-11-02 04:55:47.855937,452,453
N2,30,2021-11-02 04:55:47.855937,2021-11-02 04:56:17.863462,453,454
PLMS,1.51,2021-11-02 04:56:02.759674,2021-11-02 04:56:04.270051,453,453
N2,30,2021-11-02 04:56:17.863462,2021-11-02 04:56:47.870988,454,455
Snore Train,78.761,2021-11-02 04:56:18.244556,2021-11-02 04:57:37.025314,454,456
PLMS,1.07,2021-11-02 04:56:26.608654,2021-11-02 04:56:27.678924,454,454
N2,30,2021-11-02 04:56:47.870988,2021-11-02 04:57:17.878513,455,456
N2,30,2021-11-02 04:57:17.878513,2021-11-02 04:57:47.886039,456,457
PLMS,0.69,2021-11-02 04:57:22.484667,2021-11-02 04:57:23.174840,456,456
N2,30,2021-11-02 04:57:47.886039,2021-11-02 04:58:17.893565,457,458
PLMS,1.5899999999999999,2021-11-02 04:58:10.153620,2021-11-02 04:58:11.744022,457,457
N2,30,2021-11-02 04:58:17.893565,2021-11-02 04:58:47.901090,458,459
PLMS,1.5499999999999998,2021-11-02 04:58:35.719033,2021-11-02 04:58:37.269422,458,458
N3,30,2021-11-02 04:58:47.901090,2021-11-02 04:59:17.908616,459,460
PLMS,3.381,2021-11-02 04:59:08.808333,2021-11-02 04:59:12.190180,459,459
N2,30,2021-11-02 04:59:17.908616,2021-11-02 04:59:47.916141,460,461
Arousal,14.703999999999999,2021-11-02 04:59:27.849109,2021-11-02 04:59:42.556796,460,460
Movement,3.3489999999999998,2021-11-02 04:59:29.144432,2021-11-02 04:59:32.494272,460,460
N1,30,2021-11-02 04:59:47.916141,2021-11-02 05:00:17.923667,461,462
LM,4.225,2021-11-02 05:00:04.428280,2021-11-02 05:00:08.654340,461,461
N2,30,2021-11-02 05:00:17.923667,2021-11-02 05:00:47.931192,462,463
PLMS,0.59,2021-11-02 05:00:28.795392,2021-11-02 05:00:29.385539,462,462
LM,0.84,2021-11-02 05:00:33.091470,2021-11-02 05:00:33.931681,462,462
PLMS,0.7849999999999999,2021-11-02 05:00:37.986696,2021-11-02 05:00:38.771894,462,462
N2,30,2021-11-02 05:00:47.931192,2021-11-02 05:01:17.938718,463,464
Hypopnea,16.564,2021-11-02 05:01:16.361320,2021-11-02 05:01:32.929475,463,464
N2,30,2021-11-02 05:01:17.938718,2021-11-02 05:01:47.946244,464,465
Arousal,13.2,2021-11-02 05:01:32.680415,2021-11-02 05:01:45.883726,464,464
Movement,4.1,2021-11-02 05:01:33.267562,2021-11-02 05:01:37.368591,464,464
Hypopnea,12.424999999999999,2021-11-02 05:01:45.409607,2021-11-02 05:01:57.837724,464,465
N2,30,2021-11-02 05:01:47.946244,2021-11-02 05:02:17.953769,465,466
A. Obstructive,21.171,2021-11-02 05:02:01.572658,2021-11-02 05:02:22.748970,465,466
Desat,36.332,2021-11-02 05:02:05.242580,2021-11-02 05:02:41.583692,465,466
N2,30,2021-11-02 05:02:17.953769,2021-11-02 05:02:47.961295,466,467
Arousal,9.718,2021-11-02 05:02:27.100061,2021-11-02 05:02:36.820498,466,466
N1,30,2021-11-02 05:02:47.961295,2021-11-02 05:03:17.968820,467,468
Hypopnea,46.038999999999994,2021-11-02 05:02:54.441919,2021-11-02 05:03:40.492468,467,468
Desat,46.332,2021-11-02 05:03:13.258638,2021-11-02 05:03:59.602259,467,469
N2,30,2021-11-02 05:03:17.968820,2021-11-02 05:03:47.976346,468,469
Arousal,6.085,2021-11-02 05:03:40.064361,2021-11-02 05:03:46.150888,468,468
Movement,2.649,2021-11-02 05:03:40.542480,2021-11-02 05:03:43.192145,468,468
N2,30,2021-11-02 05:03:47.976346,2021-11-02 05:04:17.983872,469,470
Hypopnea,22.297,2021-11-02 05:03:57.965848,2021-11-02 05:04:20.268442,469,470
Desat,24.665,2021-11-02 05:04:16.273442,2021-11-02 05:04:40.944629,469,470
N2,30,2021-11-02 05:04:17.983872,2021-11-02 05:04:47.991397,470,471
